name1,name2,is_match
Yashawini Sachar,Y.S.,1
Yashawini Sachar,Sachar Yashawini,1
Yashawini Sachar,xashawini Sachar,1
Yashawini Sachar,YashawiniSachar,1
Yashawini Sachar,Y45h4w1n1 54ch4r,1
Yashawini Sachar,Oviya Mall,0
Bhavya Toor,B.T.,1
Bhavya Toor,Bhahya Toor,1
Bhavya Toor,BhavyaToor,1
Bhavya Toor,Bh4vy4 T00r,1
Bhavya Toor,Amol Rastogi,0
Isaac Varghese,I.V.,1
Isaac Varghese,Varghese Isaac,1
Isaac Varghese,Isaac Varghdse,1
Isaac Varghese,IsaacVarghese,1
Isaac Varghese,1544c V4rgh353,1
Isaac Varghese,Wyatt Bava,0
Divya Pillay,D.P.,1
Divya Pillay,Pillay Divya,1
Divya Pillay,Divya Pilnay,1
Divya Pillay,DivyaPillay,1
Divya Pillay,D1vy4 P1ll4y,1
Divya Pillay,Onkar Lad,0
Lakshmi Nagarajan,L.N.,1
Lakshmi Nagarajan,Nagarajan Lakshmi,1
Lakshmi Nagarajan,cakshmi Nagarajan,1
Lakshmi Nagarajan,LakshmiNagarajan,1
Lakshmi Nagarajan,L4k5hm1 N4g4r4j4n,1
Lakshmi Nagarajan,Balvan Joshi,0
Falan Dalal,F.D.,1
Falan Dalal,Dalal Falan,1
Falan Dalal,Falqn Dalal,1
Falan Dalal,FalanDalal,1
Falan Dalal,F4l4n D4l4l,1
Falan Dalal,Panini Pant,0
Wakeeta Sibal,W.S.,1
Wakeeta Sibal,Sibal Wakeeta,1
Wakeeta Sibal,Wakeeta gibal,1
Wakeeta Sibal,WakeetaSibal,1
Wakeeta Sibal,W4k33t4 51b4l,1
Wakeeta Sibal,Ayush Naik,0
Dakshesh Yogi,D.Y.,1
Dakshesh Yogi,Dakohesh Yogi,1
Dakshesh Yogi,DaksheshYogi,1
Dakshesh Yogi,D4k5h35h Y0g1,1
Dakshesh Yogi,Jeet Sastry,0
Tarak Ganesh,T.G.,1
Tarak Ganesh,yarak Ganesh,1
Tarak Ganesh,TarakGanesh,1
Tarak Ganesh,T4r4k G4n35h,1
Tarak Ganesh,Jeremiah Walla,0
Hitesh Tank,H.T.,1
Hitesh Tank,Tank Hitesh,1
Hitesh Tank,HiteshkTank,1
Hitesh Tank,HiteshTank,1
Hitesh Tank,H1t35h T4nk,1
Hitesh Tank,Unni Bhatnagar,0
Jeet Raja,J.R.,1
Jeet Raja,Jegt Raja,1
Jeet Raja,JeetRaja,1
Jeet Raja,J33t R4j4,1
Jeet Raja,Hardik Wable,0
Anita Banerjee,A.B.,1
Anita Banerjee,Acita Banerjee,1
Anita Banerjee,AnitaBanerjee,1
Anita Banerjee,4n1t4 B4n3rj33,1
Anita Banerjee,Raghav Thaker,0
Ikbal Bir,I.B.,1
Ikbal Bir,Ilbal Bir,1
Ikbal Bir,IkbalBir,1
Ikbal Bir,1kb4l B1r,1
Ikbal Bir,Radhika Pant,0
Indali Chadha,I.C.,1
Indali Chadha,Indali Chidha,1
Indali Chadha,IndaliChadha,1
Indali Chadha,1nd4l1 Ch4dh4,1
Indali Chadha,Tanveer Chaudry,0
Ladli Sundaram,L.S.,1
Ladli Sundaram,Sundaram Ladli,1
Ladli Sundaram,Ladli Sundaoam,1
Ladli Sundaram,LadliSundaram,1
Ladli Sundaram,L4dl1 5und4r4m,1
Ladli Sundaram,Lakshit Peri,0
Harrison Rai,H.R.,1
Harrison Rai,Rai Harrison,1
Harrison Rai,Harriscn Rai,1
Harrison Rai,HarrisonRai,1
Harrison Rai,H4rr150n R41,1
Harrison Rai,Benjamin Kumer,0
Bhavika Andra,B.A.,1
Bhavika Andra,Bhavika Antra,1
Bhavika Andra,BhavikaAndra,1
Bhavika Andra,Bh4v1k4 4ndr4,1
Bhavika Andra,Zansi Shenoy,0
Pavani Bera,P.B.,1
Pavani Bera,Pavani Bega,1
Pavani Bera,PavaniBera,1
Pavani Bera,P4v4n1 B3r4,1
Pavani Bera,Charita Sahni,0
Vivaan Barad,V.B.,1
Vivaan Barad,Barad Vivaan,1
Vivaan Barad,vivaan Barad,1
Vivaan Barad,VivaanBarad,1
Vivaan Barad,V1v44n B4r4d,1
Vivaan Barad,Sanaya Patil,0
Zayan Munshi,Z.M.,1
Zayan Munshi,Munshi Zayan,1
Zayan Munshi,Zayac Munshi,1
Zayan Munshi,ZayanMunshi,1
Zayan Munshi,Z4y4n Mun5h1,1
Zayan Munshi,Ganga Shenoy,0
Barkha Bir,B.B.,1
Barkha Bir,Bir Barkha,1
Barkha Bir,Bmrkha Bir,1
Barkha Bir,BarkhaBir,1
Barkha Bir,B4rkh4 B1r,1
Barkha Bir,Balveer Dixit,0
Tanish Golla,T.G.,1
Tanish Golla,Tanish uolla,1
Tanish Golla,TanishGolla,1
Tanish Golla,T4n15h G0ll4,1
Tanish Golla,Charvi Ganesh,0
Frado Chaudhary,F.C.,1
Frado Chaudhary,Frldo Chaudhary,1
Frado Chaudhary,FradoChaudhary,1
Frado Chaudhary,Fr4d0 Ch4udh4ry,1
Frado Chaudhary,Peter Gupta,0
Harrison Radhakrishnan,H.R.,1
Harrison Radhakrishnan,Harrisvn Radhakrishnan,1
Harrison Radhakrishnan,HarrisonRadhakrishnan,1
Harrison Radhakrishnan,H4rr150n R4dh4kr15hn4n,1
Harrison Radhakrishnan,Amara Sur,0
Nitesh Sani,N.S.,1
Nitesh Sani,Nttesh Sani,1
Nitesh Sani,NiteshSani,1
Nitesh Sani,N1t35h 54n1,1
Nitesh Sani,Eesha Ganguly,0
Yug Chana,Y.C.,1
Yug Chana,Chana Yug,1
Yug Chana,YugfChana,1
Yug Chana,YugChana,1
Yug Chana,Yug Ch4n4,1
Yug Chana,Lajita Bal,0
Michael Johal,M.J.,1
Michael Johal,Michaei Johal,1
Michael Johal,MichaelJohal,1
Michael Johal,M1ch43l J0h4l,1
Michael Johal,Nidhi Jaggi,0
Pratyush Wali,P.W.,1
Pratyush Wali,Wali Pratyush,1
Pratyush Wali,Pratyush Wkli,1
Pratyush Wali,PratyushWali,1
Pratyush Wali,Pr4tyu5h W4l1,1
Pratyush Wali,Zayan Thakkar,0
Maanav Anne,M.A.,1
Maanav Anne,Anne Maanav,1
Maanav Anne,Maabav Anne,1
Maanav Anne,MaanavAnne,1
Maanav Anne,M44n4v 4nn3,1
Maanav Anne,Anika Tank,0
Tanvi Prasad,T.P.,1
Tanvi Prasad,Tanvi irasad,1
Tanvi Prasad,TanviPrasad,1
Tanvi Prasad,T4nv1 Pr454d,1
Tanvi Prasad,Anay Wali,0
Zarna Pal,Z.P.,1
Zarna Pal,Pal Zarna,1
Zarna Pal,Zarsa Pal,1
Zarna Pal,ZarnaPal,1
Zarna Pal,Z4rn4 P4l,1
Zarna Pal,Aadi Acharya,0
Atharv Bobal,A.B.,1
Atharv Bobal,Athurv Bobal,1
Atharv Bobal,AtharvBobal,1
Atharv Bobal,4th4rv B0b4l,1
Atharv Bobal,Chakrika Sanghvi,0
Zaitra Pradhan,Z.P.,1
Zaitra Pradhan,ZaitrauPradhan,1
Zaitra Pradhan,ZaitraPradhan,1
Zaitra Pradhan,Z41tr4 Pr4dh4n,1
Zaitra Pradhan,Jacob Choudhry,0
Kevin Rajan,K.R.,1
Kevin Rajan,Keiin Rajan,1
Kevin Rajan,KevinRajan,1
Kevin Rajan,K3v1n R4j4n,1
Kevin Rajan,Darsh Batra,0
Banjeet Gour,B.G.,1
Banjeet Gour,Gour Banjeet,1
Banjeet Gour,Banxeet Gour,1
Banjeet Gour,BanjeetGour,1
Banjeet Gour,B4nj33t G0ur,1
Banjeet Gour,Benjamin Merchant,0
Vasatika Narain,V.N.,1
Vasatika Narain,Vasatika Nasain,1
Vasatika Narain,VasatikaNarain,1
Vasatika Narain,V454t1k4 N4r41n,1
Vasatika Narain,Qushi Deo,0
Anmol Bhatt,A.B.,1
Anmol Bhatt,Anmol Bhamt,1
Anmol Bhatt,AnmolBhatt,1
Anmol Bhatt,4nm0l Bh4tt,1
Anmol Bhatt,Mahika Tank,0
Unnati Krishna,U.K.,1
Unnati Krishna,Unneti Krishna,1
Unnati Krishna,UnnatiKrishna,1
Unnati Krishna,Unn4t1 Kr15hn4,1
Unnati Krishna,Upadhriti Ramesh,0
Jatin Sarraf,J.S.,1
Jatin Sarraf,Jytin Sarraf,1
Jatin Sarraf,JatinSarraf,1
Jatin Sarraf,J4t1n 54rr4f,1
Jatin Sarraf,Hemani Sridhar,0
Veer Nagar,V.N.,1
Veer Nagar,Nagar Veer,1
Veer Nagar,VeerNagar,1
Veer Nagar,V33r N4g4r,1
Veer Nagar,Urmi Varty,0
Girik Peri,G.P.,1
Girik Peri,Peri Girik,1
Girik Peri,Girik teri,1
Girik Peri,GirikPeri,1
Girik Peri,G1r1k P3r1,1
Girik Peri,Oliver Krishnamurthy,0
Dalaja Dalal,D.D.,1
Dalaja Dalal,Dalal Dalaja,1
Dalaja Dalal,DalajamDalal,1
Dalaja Dalal,DalajaDalal,1
Dalaja Dalal,D4l4j4 D4l4l,1
Dalaja Dalal,Omaja Chaudhry,0
Hemal Sarma,H.S.,1
Hemal Sarma,Hemal Saima,1
Hemal Sarma,HemalSarma,1
Hemal Sarma,H3m4l 54rm4,1
Hemal Sarma,Owen Pandey,0
Upadhriti Sachar,U.S.,1
Upadhriti Sachar,Sachar Upadhriti,1
Upadhriti Sachar,Upadhriti xachar,1
Upadhriti Sachar,UpadhritiSachar,1
Upadhriti Sachar,Up4dhr1t1 54ch4r,1
Upadhriti Sachar,Devansh Kumar,0
Ryan Comar,R.C.,1
Ryan Comar,Comar Ryan,1
Ryan Comar,Ryan Comyr,1
Ryan Comar,RyanComar,1
Ryan Comar,Ry4n C0m4r,1
Ryan Comar,Manbir Kulkarni,0
Yashawini Chand,Y.C.,1
Yashawini Chand,Yashawini Chund,1
Yashawini Chand,YashawiniChand,1
Yashawini Chand,Y45h4w1n1 Ch4nd,1
Yashawini Chand,Michael Sahota,0
Raksha Ramakrishnan,R.R.,1
Raksha Ramakrishnan,Rakjha Ramakrishnan,1
Raksha Ramakrishnan,RakshaRamakrishnan,1
Raksha Ramakrishnan,R4k5h4 R4m4kr15hn4n,1
Raksha Ramakrishnan,Ganga Deo,0
Zaid Sharma,Z.S.,1
Zaid Sharma,Zaod Sharma,1
Zaid Sharma,ZaidSharma,1
Zaid Sharma,Z41d 5h4rm4,1
Zaid Sharma,Michael Oak,0
Abhimanyu Sha,A.S.,1
Abhimanyu Sha,Sha Abhimanyu,1
Abhimanyu Sha,Abhimanyu Sxa,1
Abhimanyu Sha,AbhimanyuSha,1
Abhimanyu Sha,4bh1m4nyu 5h4,1
Abhimanyu Sha,Forum Handa,0
Ijaya Dhaliwal,I.D.,1
Ijaya Dhaliwal,Ijaya Dhyliwal,1
Ijaya Dhaliwal,IjayaDhaliwal,1
Ijaya Dhaliwal,1j4y4 Dh4l1w4l,1
Ijaya Dhaliwal,Nandini Baria,0
Harish Buch,H.B.,1
Harish Buch,Buch Harish,1
Harish Buch,Harish Bdch,1
Harish Buch,HarishBuch,1
Harish Buch,H4r15h Buch,1
Harish Buch,Bhavini Rajan,0
Arin Sarraf,A.S.,1
Arin Sarraf,Arin Sartaf,1
Arin Sarraf,ArinSarraf,1
Arin Sarraf,4r1n 54rr4f,1
Arin Sarraf,Warinder Dhingra,0
Tejas Golla,T.G.,1
Tejas Golla,Golla Tejas,1
Tejas Golla,Telas Golla,1
Tejas Golla,TejasGolla,1
Tejas Golla,T3j45 G0ll4,1
Tejas Golla,Krishna Jayaraman,0
Indrajit Pandey,I.P.,1
Indrajit Pandey,Pandey Indrajit,1
Indrajit Pandey,IndrajityPandey,1
Indrajit Pandey,IndrajitPandey,1
Indrajit Pandey,1ndr4j1t P4nd3y,1
Indrajit Pandey,Qabil Dugal,0
Aarna Wadhwa,A.W.,1
Aarna Wadhwa,Wadhwa Aarna,1
Aarna Wadhwa,Aarna Wadkwa,1
Aarna Wadhwa,AarnaWadhwa,1
Aarna Wadhwa,44rn4 W4dhw4,1
Aarna Wadhwa,Upasna Dash,0
Warhi Mangal,W.M.,1
Warhi Mangal,darhi Mangal,1
Warhi Mangal,WarhiMangal,1
Warhi Mangal,W4rh1 M4ng4l,1
Warhi Mangal,Hemal Bail,0
Yatan Shanker,Y.S.,1
Yatan Shanker,Yatah Shanker,1
Yatan Shanker,YatanShanker,1
Yatan Shanker,Y4t4n 5h4nk3r,1
Yatan Shanker,Ekaraj Konda,0
Aarini Rama,A.R.,1
Aarini Rama,Rama Aarini,1
Aarini Rama,Aarsni Rama,1
Aarini Rama,AariniRama,1
Aarini Rama,44r1n1 R4m4,1
Aarini Rama,Veer Rattan,0
Jonathan Khatri,J.K.,1
Jonathan Khatri,Khatri Jonathan,1
Jonathan Khatri,Jxnathan Khatri,1
Jonathan Khatri,JonathanKhatri,1
Jonathan Khatri,J0n4th4n Kh4tr1,1
Jonathan Khatri,Tristan Gole,0
Hitesh Sarma,H.S.,1
Hitesh Sarma,Hytesh Sarma,1
Hitesh Sarma,HiteshSarma,1
Hitesh Sarma,H1t35h 54rm4,1
Hitesh Sarma,Wakeeta Ravi,0
Daniel Bava,D.B.,1
Daniel Bava,Bava Daniel,1
Daniel Bava,Daviel Bava,1
Daniel Bava,DanielBava,1
Daniel Bava,D4n13l B4v4,1
Daniel Bava,Utkarsh Sekhon,0
Vasana Madan,V.M.,1
Vasana Madan,Vasana Mfdan,1
Vasana Madan,VasanaMadan,1
Vasana Madan,V454n4 M4d4n,1
Vasana Madan,Hemangini Bakshi,0
Max Iyer,M.I.,1
Max Iyer,Max tyer,1
Max Iyer,MaxIyer,1
Max Iyer,M4x 1y3r,1
Max Iyer,Yashawini Sachar,0
Patrick Chakraborty,P.C.,1
Patrick Chakraborty,Patricr Chakraborty,1
Patrick Chakraborty,PatrickChakraborty,1
Patrick Chakraborty,P4tr1ck Ch4kr4b0rty,1
Patrick Chakraborty,Saksham Iyer,0
Advay Sur,A.S.,1
Advay Sur,Sur Advay,1
Advay Sur,Advam Sur,1
Advay Sur,AdvaySur,1
Advay Sur,4dv4y 5ur,1
Advay Sur,Forum Tank,0
Jagvi Gill,J.G.,1
Jagvi Gill,Jagvi Gqll,1
Jagvi Gill,JagviGill,1
Jagvi Gill,J4gv1 G1ll,1
Jagvi Gill,Chavvi Vasa,0
Lakshit Sekhon,L.S.,1
Lakshit Sekhon,Lhkshit Sekhon,1
Lakshit Sekhon,LakshitSekhon,1
Lakshit Sekhon,L4k5h1t 53kh0n,1
Lakshit Sekhon,Niharika Apte,0
Netra Bali,N.B.,1
Netra Bali,Bali Netra,1
Netra Bali,Nktra Bali,1
Netra Bali,NetraBali,1
Netra Bali,N3tr4 B4l1,1
Netra Bali,Michael Bajwa,0
Suhani Krishna,S.K.,1
Suhani Krishna,Krishna Suhani,1
Suhani Krishna,Suhani Krrshna,1
Suhani Krishna,SuhaniKrishna,1
Suhani Krishna,5uh4n1 Kr15hn4,1
Suhani Krishna,Upma Chaudhry,0
Lucky Baria,L.B.,1
Lucky Baria,Baria Lucky,1
Lucky Baria,Lucky Barha,1
Lucky Baria,LuckyBaria,1
Lucky Baria,Lucky B4r14,1
Lucky Baria,Nicholas Tara,0
Kiaan Sibal,K.S.,1
Kiaan Sibal,Sibal Kiaan,1
Kiaan Sibal,Kwaan Sibal,1
Kiaan Sibal,KiaanSibal,1
Kiaan Sibal,K144n 51b4l,1
Kiaan Sibal,Pushti Dhingra,0
Faras Hari,F.H.,1
Faras Hari,Hari Faras,1
Faras Hari,Farcs Hari,1
Faras Hari,FarasHari,1
Faras Hari,F4r45 H4r1,1
Faras Hari,Amaira Nayar,0
Harinakshi Kannan,H.K.,1
Harinakshi Kannan,Kannan Harinakshi,1
Harinakshi Kannan,HarinakshicKannan,1
Harinakshi Kannan,HarinakshiKannan,1
Harinakshi Kannan,H4r1n4k5h1 K4nn4n,1
Harinakshi Kannan,Arya Sule,0
Bhanumati Tata,B.T.,1
Bhanumati Tata,Tata Bhanumati,1
Bhanumati Tata,Bhanvmati Tata,1
Bhanumati Tata,BhanumatiTata,1
Bhanumati Tata,Bh4num4t1 T4t4,1
Bhanumati Tata,Veda Kalita,0
Ishanvi Borde,I.B.,1
Ishanvi Borde,Ishrnvi Borde,1
Ishanvi Borde,IshanviBorde,1
Ishanvi Borde,15h4nv1 B0rd3,1
Ishanvi Borde,Charles Chopra,0
Yashica Tandon,Y.T.,1
Yashica Tandon,Tandon Yashica,1
Yashica Tandon,Yashica Tanson,1
Yashica Tandon,YashicaTandon,1
Yashica Tandon,Y45h1c4 T4nd0n,1
Yashica Tandon,Alka Deo,0
Isaac Borde,I.B.,1
Isaac Borde,Isazc Borde,1
Isaac Borde,IsaacBorde,1
Isaac Borde,1544c B0rd3,1
Isaac Borde,Anirudh Trivedi,0
Daniel Gour,D.G.,1
Daniel Gour,DanielgGour,1
Daniel Gour,DanielGour,1
Daniel Gour,D4n13l G0ur,1
Daniel Gour,Lakshit Choudhary,0
Simon Ganesan,S.G.,1
Simon Ganesan,Ganesan Simon,1
Simon Ganesan,Svmon Ganesan,1
Simon Ganesan,SimonGanesan,1
Simon Ganesan,51m0n G4n354n,1
Simon Ganesan,Mugdha Karnik,0
Yashasvi Konda,Y.K.,1
Yashasvi Konda,Yashanvi Konda,1
Yashasvi Konda,YashasviKonda,1
Yashasvi Konda,Y45h45v1 K0nd4,1
Yashasvi Konda,Elijah Jani,0
Aarna Sandhu,A.S.,1
Aarna Sandhu,Aarna Sxndhu,1
Aarna Sandhu,AarnaSandhu,1
Aarna Sandhu,44rn4 54ndhu,1
Aarna Sandhu,Yauvani Datta,0
Hamsini Loyal,H.L.,1
Hamsini Loyal,Loyal Hamsini,1
Hamsini Loyal,Hamsini Loual,1
Hamsini Loyal,HamsiniLoyal,1
Hamsini Loyal,H4m51n1 L0y4l,1
Hamsini Loyal,Jalsa Suresh,0
Chameli Prashad,C.P.,1
Chameli Prashad,Prashad Chameli,1
Chameli Prashad,mhameli Prashad,1
Chameli Prashad,ChameliPrashad,1
Chameli Prashad,Ch4m3l1 Pr45h4d,1
Chameli Prashad,Peter Sabharwal,0
Faqid Kala,F.K.,1
Faqid Kala,Fhqid Kala,1
Faqid Kala,FaqidKala,1
Faqid Kala,F4q1d K4l4,1
Faqid Kala,Harita Cheema,0
Aarna Rastogi,A.R.,1
Aarna Rastogi,Rastogi Aarna,1
Aarna Rastogi,Aarra Rastogi,1
Aarna Rastogi,AarnaRastogi,1
Aarna Rastogi,44rn4 R45t0g1,1
Aarna Rastogi,Baghyawati Varughese,0
Radha Chauhan,R.C.,1
Radha Chauhan,Ranha Chauhan,1
Radha Chauhan,RadhaChauhan,1
Radha Chauhan,R4dh4 Ch4uh4n,1
Radha Chauhan,Hamsini Viswanathan,0
Naveen Anne,N.A.,1
Naveen Anne,Anne Naveen,1
Naveen Anne,Naveon Anne,1
Naveen Anne,NaveenAnne,1
Naveen Anne,N4v33n 4nn3,1
Naveen Anne,Lohit Dhaliwal,0
Charles Badal,C.B.,1
Charles Badal,Badal Charles,1
Charles Badal,Coarles Badal,1
Charles Badal,CharlesBadal,1
Charles Badal,Ch4rl35 B4d4l,1
Charles Badal,Lekha Nanda,0
Nitara Shanker,N.S.,1
Nitara Shanker,Shanker Nitara,1
Nitara Shanker,uitara Shanker,1
Nitara Shanker,NitaraShanker,1
Nitara Shanker,N1t4r4 5h4nk3r,1
Nitara Shanker,Manthan Trivedi,0
Wishi Bava,W.B.,1
Wishi Bava,Bava Wishi,1
Wishi Bava,Wyshi Bava,1
Wishi Bava,WishiBava,1
Wishi Bava,W15h1 B4v4,1
Wishi Bava,Ayaan Sridhar,0
Andrew Doctor,A.D.,1
Andrew Doctor,Doctor Andrew,1
Andrew Doctor,Annrew Doctor,1
Andrew Doctor,AndrewDoctor,1
Andrew Doctor,4ndr3w D0ct0r,1
Andrew Doctor,Krishna Shenoy,0
Ira Raju,I.R.,1
Ira Raju,IragRaju,1
Ira Raju,IraRaju,1
Ira Raju,1r4 R4ju,1
Ira Raju,Sudiksha Agrawal,0
Ojasvi Parikh,O.P.,1
Ojasvi Parikh,fjasvi Parikh,1
Ojasvi Parikh,OjasviParikh,1
Ojasvi Parikh,0j45v1 P4r1kh,1
Ojasvi Parikh,Shivani Dugar,0
Vihaan Kapur,V.K.,1
Vihaan Kapur,mihaan Kapur,1
Vihaan Kapur,VihaanKapur,1
Vihaan Kapur,V1h44n K4pur,1
Vihaan Kapur,Shravya Munshi,0
Jason Bir,J.B.,1
Jason Bir,Jason Bjr,1
Jason Bir,JasonBir,1
Jason Bir,J450n B1r,1
Jason Bir,Ishaan Kara,0
Ronith Varghese,R.V.,1
Ronith Varghese,Ronith Vargxese,1
Ronith Varghese,RonithVarghese,1
Ronith Varghese,R0n1th V4rgh353,1
Ronith Varghese,Naveen Joshi,0
Ranveer Acharya,R.A.,1
Ranveer Acharya,Ragveer Acharya,1
Ranveer Acharya,RanveerAcharya,1
Ranveer Acharya,R4nv33r 4ch4ry4,1
Ranveer Acharya,Neha Barman,0
Vyanjana Pandit,V.P.,1
Vyanjana Pandit,Vyabjana Pandit,1
Vyanjana Pandit,VyanjanaPandit,1
Vyanjana Pandit,Vy4nj4n4 P4nd1t,1
Vyanjana Pandit,Tripti Das,0
Aachal Gera,A.G.,1
Aachal Gera,Gera Aachal,1
Aachal Gera,Aachab Gera,1
Aachal Gera,AachalGera,1
Aachal Gera,44ch4l G3r4,1
Aachal Gera,Watika Thakur,0
Kavya Vig,K.V.,1
Kavya Vig,Vig Kavya,1
Kavya Vig,Kavya Vqg,1
Kavya Vig,KavyaVig,1
Kavya Vig,K4vy4 V1g,1
Kavya Vig,Inaya Ramesh,0
Veda Padmanabhan,V.P.,1
Veda Padmanabhan,Padmanabhan Veda,1
Veda Padmanabhan,qeda Padmanabhan,1
Veda Padmanabhan,VedaPadmanabhan,1
Veda Padmanabhan,V3d4 P4dm4n4bh4n,1
Veda Padmanabhan,Radha Soman,0
Veda Rajagopal,V.R.,1
Veda Rajagopal,Rajagopal Veda,1
Veda Rajagopal,Veca Rajagopal,1
Veda Rajagopal,VedaRajagopal,1
Veda Rajagopal,V3d4 R4j4g0p4l,1
Veda Rajagopal,Akshay Sahni,0
Jackson Solanki,J.S.,1
Jackson Solanki,Solanki Jackson,1
Jackson Solanki,Jackson Sohanki,1
Jackson Solanki,JacksonSolanki,1
Jackson Solanki,J4ck50n 50l4nk1,1
Jackson Solanki,Tristan Badami,0
Imaran Dua,I.D.,1
Imaran Dua,Isaran Dua,1
Imaran Dua,ImaranDua,1
Imaran Dua,1m4r4n Du4,1
Imaran Dua,Saksham Narayan,0
Chandresh Chawla,C.C.,1
Chandresh Chawla,Chawla Chandresh,1
Chandresh Chawla,ChandreshtChawla,1
Chandresh Chawla,ChandreshChawla,1
Chandresh Chawla,Ch4ndr35h Ch4wl4,1
Chandresh Chawla,Bhavika Ramaswamy,0
Jyoti Bhat,J.B.,1
Jyoti Bhat,Bhat Jyoti,1
Jyoti Bhat,Jnoti Bhat,1
Jyoti Bhat,JyotiBhat,1
Jyoti Bhat,Jy0t1 Bh4t,1
Jyoti Bhat,Anay Gala,0
Udant Sahni,U.S.,1
Udant Sahni,Udang Sahni,1
Udant Sahni,UdantSahni,1
Udant Sahni,Ud4nt 54hn1,1
Udant Sahni,Manan Devan,0
Vansha Choudhury,V.C.,1
Vansha Choudhury,Vaniha Choudhury,1
Vansha Choudhury,VanshaChoudhury,1
Vansha Choudhury,V4n5h4 Ch0udhury,1
Vansha Choudhury,Bhavani Wali,0
Isha Hora,I.H.,1
Isha Hora,Isva Hora,1
Isha Hora,IshaHora,1
Isha Hora,15h4 H0r4,1
Isha Hora,Laksh Saha,0
Sanaya Rau,S.R.,1
Sanaya Rau,Sanaya kau,1
Sanaya Rau,SanayaRau,1
Sanaya Rau,54n4y4 R4u,1
Sanaya Rau,Parth Chana,0
Tara Bora,T.B.,1
Tara Bora,Bora Tara,1
Tara Bora,oara Bora,1
Tara Bora,TaraBora,1
Tara Bora,T4r4 B0r4,1
Tara Bora,Ekantika Suresh,0
Nirja Bose,N.B.,1
Nirja Bose,Bose Nirja,1
Nirja Bose,Nrrja Bose,1
Nirja Bose,NirjaBose,1
Nirja Bose,N1rj4 B053,1
Nirja Bose,Aachal Varghese,0
Dominic Munshi,D.M.,1
Dominic Munshi,Munshi Dominic,1
Dominic Munshi,Dominic iunshi,1
Dominic Munshi,DominicMunshi,1
Dominic Munshi,D0m1n1c Mun5h1,1
Dominic Munshi,Jonathan Bose,0
Janani Iyengar,J.I.,1
Janani Iyengar,Iyengar Janani,1
Janani Iyengar,Jananc Iyengar,1
Janani Iyengar,JananiIyengar,1
Janani Iyengar,J4n4n1 1y3ng4r,1
Janani Iyengar,Faras Lall,0
Azad Chauhan,A.C.,1
Azad Chauhan,Chauhan Azad,1
Azad Chauhan,Azad jhauhan,1
Azad Chauhan,AzadChauhan,1
Azad Chauhan,4z4d Ch4uh4n,1
Azad Chauhan,Tanay Palla,0
Tanish Rege,T.R.,1
Tanish Rege,Rege Tanish,1
Tanish Rege,Tanish rege,1
Tanish Rege,TanishRege,1
Tanish Rege,T4n15h R3g3,1
Tanish Rege,Yug Solanki,0
Bhavani Amble,B.A.,1
Bhavani Amble,Bhavani Azble,1
Bhavani Amble,BhavaniAmble,1
Bhavani Amble,Bh4v4n1 4mbl3,1
Bhavani Amble,Henry Minhas,0
Shravya Sangha,S.S.,1
Shravya Sangha,Sangha Shravya,1
Shravya Sangha,Shravya Sargha,1
Shravya Sangha,ShravyaSangha,1
Shravya Sangha,5hr4vy4 54ngh4,1
Shravya Sangha,Dev Guha,0
Daniel Kari,D.K.,1
Daniel Kari,Deniel Kari,1
Daniel Kari,DanielKari,1
Daniel Kari,D4n13l K4r1,1
Daniel Kari,Rajeshri Sidhu,0
Vritti Bhalla,V.B.,1
Vritti Bhalla,Vditti Bhalla,1
Vritti Bhalla,VrittiBhalla,1
Vritti Bhalla,Vr1tt1 Bh4ll4,1
Vritti Bhalla,Irya Kala,0
Lohit Seth,L.S.,1
Lohit Seth,Seth Lohit,1
Lohit Seth,Lohij Seth,1
Lohit Seth,LohitSeth,1
Lohit Seth,L0h1t 53th,1
Lohit Seth,Amruta Handa,0
Lakshmi Oommen,L.O.,1
Lakshmi Oommen,Oommen Lakshmi,1
Lakshmi Oommen,Lakshmi Oomken,1
Lakshmi Oommen,LakshmiOommen,1
Lakshmi Oommen,L4k5hm1 00mm3n,1
Lakshmi Oommen,Tarak Dora,0
Patrick Shukla,P.S.,1
Patrick Shukla,Shukla Patrick,1
Patrick Shukla,PatrickShukla,1
Patrick Shukla,P4tr1ck 5hukl4,1
Patrick Shukla,Farhan Chaudhry,0
Pushti Bora,P.B.,1
Pushti Bora,Pushti Bpra,1
Pushti Bora,PushtiBora,1
Pushti Bora,Pu5ht1 B0r4,1
Pushti Bora,Radhika Palla,0
Aahana Bir,A.B.,1
Aahana Bir,cahana Bir,1
Aahana Bir,AahanaBir,1
Aahana Bir,44h4n4 B1r,1
Aahana Bir,Urishilla Sabharwal,0
Samarth Pandya,S.P.,1
Samarth Pandya,Samabth Pandya,1
Samarth Pandya,SamarthPandya,1
Samarth Pandya,54m4rth P4ndy4,1
Samarth Pandya,Yug Kadakia,0
Gabriel Deshmukh,G.D.,1
Gabriel Deshmukh,Deshmukh Gabriel,1
Gabriel Deshmukh,Gabriyl Deshmukh,1
Gabriel Deshmukh,GabrielDeshmukh,1
Gabriel Deshmukh,G4br13l D35hmukh,1
Gabriel Deshmukh,Aadi Hayre,0
Chakrika Kar,C.K.,1
Chakrika Kar,Kar Chakrika,1
Chakrika Kar,Chakrika Kir,1
Chakrika Kar,ChakrikaKar,1
Chakrika Kar,Ch4kr1k4 K4r,1
Chakrika Kar,Nidra Sarna,0
Advik Goel,A.G.,1
Advik Goel,Goel Advik,1
Advik Goel,Advik Grel,1
Advik Goel,AdvikGoel,1
Advik Goel,4dv1k G03l,1
Advik Goel,Jhalak Nath,0
Devika Saini,D.S.,1
Devika Saini,DevikaSaini,1
Devika Saini,D3v1k4 541n1,1
Devika Saini,Hitesh Kata,0
Ishaan Badal,I.B.,1
Ishaan Badal,Badal Ishaan,1
Ishaan Badal,Iwhaan Badal,1
Ishaan Badal,IshaanBadal,1
Ishaan Badal,15h44n B4d4l,1
Ishaan Badal,Joshua Tandon,0
Hemangini Baria,H.B.,1
Hemangini Baria,Baria Hemangini,1
Hemangini Baria,Hemanginb Baria,1
Hemangini Baria,HemanginiBaria,1
Hemangini Baria,H3m4ng1n1 B4r14,1
Hemangini Baria,Charan Krishnamurthy,0
Saumya Padmanabhan,S.P.,1
Saumya Padmanabhan,Saumna Padmanabhan,1
Saumya Padmanabhan,SaumyaPadmanabhan,1
Saumya Padmanabhan,54umy4 P4dm4n4bh4n,1
Saumya Padmanabhan,Bhavika Narula,0
Theodore Saha,T.S.,1
Theodore Saha,Saha Theodore,1
Theodore Saha,jheodore Saha,1
Theodore Saha,TheodoreSaha,1
Theodore Saha,Th30d0r3 54h4,1
Theodore Saha,Amol Khalsa,0
Bachittar Goyal,B.G.,1
Bachittar Goyal,Bachittar Gobal,1
Bachittar Goyal,BachittarGoyal,1
Bachittar Goyal,B4ch1tt4r G0y4l,1
Bachittar Goyal,Lakshit Krish,0
Vedika Iyer,V.I.,1
Vedika Iyer,Vedvka Iyer,1
Vedika Iyer,VedikaIyer,1
Vedika Iyer,V3d1k4 1y3r,1
Vedika Iyer,Fariq Pillay,0
Balvan Manne,B.M.,1
Balvan Manne,Manne Balvan,1
Balvan Manne,Balvan Mande,1
Balvan Manne,BalvanManne,1
Balvan Manne,B4lv4n M4nn3,1
Balvan Manne,Lopa Narain,0
Sai Shenoy,S.S.,1
Sai Shenoy,Sai Shenny,1
Sai Shenoy,SaiShenoy,1
Sai Shenoy,541 5h3n0y,1
Sai Shenoy,Yahvi Comar,0
Yuvraj Ganesh,Y.G.,1
Yuvraj Ganesh,Ganesh Yuvraj,1
Yuvraj Ganesh,Yuvfaj Ganesh,1
Yuvraj Ganesh,YuvrajGanesh,1
Yuvraj Ganesh,Yuvr4j G4n35h,1
Yuvraj Ganesh,Simon Mangal,0
Fiyaz Pathak,F.P.,1
Fiyaz Pathak,Pathak Fiyaz,1
Fiyaz Pathak,Fiyaz aathak,1
Fiyaz Pathak,FiyazPathak,1
Fiyaz Pathak,F1y4z P4th4k,1
Fiyaz Pathak,Akshay Som,0
Chavvi Gaba,C.G.,1
Chavvi Gaba,Gaba Chavvi,1
Chavvi Gaba,Chavvz Gaba,1
Chavvi Gaba,ChavviGaba,1
Chavvi Gaba,Ch4vv1 G4b4,1
Chavvi Gaba,Yutika Dar,0
Meghana Palla,M.P.,1
Meghana Palla,Meghana Paxla,1
Meghana Palla,MeghanaPalla,1
Meghana Palla,M3gh4n4 P4ll4,1
Meghana Palla,Girish Jha,0
Vasana Ramaswamy,V.R.,1
Vasana Ramaswamy,Ramaswamy Vasana,1
Vasana Ramaswamy,Vasafa Ramaswamy,1
Vasana Ramaswamy,VasanaRamaswamy,1
Vasana Ramaswamy,V454n4 R4m45w4my,1
Vasana Ramaswamy,Xavier Wadhwa,0
Rayaan Nayak,R.N.,1
Rayaan Nayak,Nayak Rayaan,1
Rayaan Nayak,RayaanbNayak,1
Rayaan Nayak,RayaanNayak,1
Rayaan Nayak,R4y44n N4y4k,1
Rayaan Nayak,Nidra Ram,0
Qasim Sama,Q.S.,1
Qasim Sama,Qasgm Sama,1
Qasim Sama,QasimSama,1
Qasim Sama,Q451m 54m4,1
Qasim Sama,Pallavi Chaudry,0
Arjun Nadkarni,A.N.,1
Arjun Nadkarni,ArjunjNadkarni,1
Arjun Nadkarni,ArjunNadkarni,1
Arjun Nadkarni,4rjun N4dk4rn1,1
Arjun Nadkarni,Anvi Magar,0
Chakrika Viswanathan,C.V.,1
Chakrika Viswanathan,Viswanathan Chakrika,1
Chakrika Viswanathan,ChakrikaViswanathan,1
Chakrika Viswanathan,Ch4kr1k4 V15w4n4th4n,1
Chakrika Viswanathan,Ekani Lad,0
Damini Dhawan,D.D.,1
Damini Dhawan,Dhawan Damini,1
Damini Dhawan,DaminikDhawan,1
Damini Dhawan,DaminiDhawan,1
Damini Dhawan,D4m1n1 Dh4w4n,1
Damini Dhawan,Pavani Halder,0
Unnati Sekhon,U.S.,1
Unnati Sekhon,Uynati Sekhon,1
Unnati Sekhon,UnnatiSekhon,1
Unnati Sekhon,Unn4t1 53kh0n,1
Unnati Sekhon,Chaman Thaman,0
Gautam Rout,G.R.,1
Gautam Rout,Gautau Rout,1
Gautam Rout,GautamRout,1
Gautam Rout,G4ut4m R0ut,1
Gautam Rout,Vyanjana Mukherjee,0
Hema Raman,H.R.,1
Hema Raman,Hema Ramkn,1
Hema Raman,HemaRaman,1
Hema Raman,H3m4 R4m4n,1
Hema Raman,Raghav Sami,0
Umang Sahota,U.S.,1
Umang Sahota,Sahota Umang,1
Umang Sahota,Uiang Sahota,1
Umang Sahota,UmangSahota,1
Umang Sahota,Um4ng 54h0t4,1
Umang Sahota,Gagan Jani,0
Nachiket Bahri,N.B.,1
Nachiket Bahri,Bahri Nachiket,1
Nachiket Bahri,Nachiket iahri,1
Nachiket Bahri,NachiketBahri,1
Nachiket Bahri,N4ch1k3t B4hr1,1
Nachiket Bahri,Onkar Merchant,0
Hemangini Ramesh,H.R.,1
Hemangini Ramesh,Ramesh Hemangini,1
Hemangini Ramesh,Htmangini Ramesh,1
Hemangini Ramesh,HemanginiRamesh,1
Hemangini Ramesh,H3m4ng1n1 R4m35h,1
Hemangini Ramesh,Ekta Mitter,0
Garima Khurana,G.K.,1
Garima Khurana,Garimx Khurana,1
Garima Khurana,GarimaKhurana,1
Garima Khurana,G4r1m4 Khur4n4,1
Garima Khurana,Samar Badal,0
Triveni Chakraborty,T.C.,1
Triveni Chakraborty,Triveni Chakrtborty,1
Triveni Chakraborty,TriveniChakraborty,1
Triveni Chakraborty,Tr1v3n1 Ch4kr4b0rty,1
Triveni Chakraborty,Netra Chowdhury,0
Arjun Sur,A.S.,1
Arjun Sur,Sur Arjun,1
Arjun Sur,Arjun sur,1
Arjun Sur,ArjunSur,1
Arjun Sur,4rjun 5ur,1
Arjun Sur,Orinder Tara,0
Kabir Doshi,K.D.,1
Kabir Doshi,Doshi Kabir,1
Kabir Doshi,Kabib Doshi,1
Kabir Doshi,KabirDoshi,1
Kabir Doshi,K4b1r D05h1,1
Kabir Doshi,Rachit Dada,0
Samaksh Sule,S.S.,1
Samaksh Sule,qamaksh Sule,1
Samaksh Sule,SamakshSule,1
Samaksh Sule,54m4k5h 5ul3,1
Samaksh Sule,Pushti Pillay,0
Alka Chauhan,A.C.,1
Alka Chauhan,Chauhan Alka,1
Alka Chauhan,Alka nhauhan,1
Alka Chauhan,AlkaChauhan,1
Alka Chauhan,4lk4 Ch4uh4n,1
Alka Chauhan,Robert Mall,0
Jonathan Goda,J.G.,1
Jonathan Goda,Goda Jonathan,1
Jonathan Goda,Jonathan Gkda,1
Jonathan Goda,JonathanGoda,1
Jonathan Goda,J0n4th4n G0d4,1
Jonathan Goda,Frado Kumar,0
Harinakshi Soman,H.S.,1
Harinakshi Soman,HarinakshidSoman,1
Harinakshi Soman,HarinakshiSoman,1
Harinakshi Soman,H4r1n4k5h1 50m4n,1
Harinakshi Soman,Rachana Shan,0
Mohini Baria,M.B.,1
Mohini Baria,Mohini Bjria,1
Mohini Baria,MohiniBaria,1
Mohini Baria,M0h1n1 B4r14,1
Mohini Baria,Darsh Sengupta,0
Ayushman Sharma,A.S.,1
Ayushman Sharma,AyushmanSharma,1
Ayushman Sharma,4yu5hm4n 5h4rm4,1
Ayushman Sharma,Ethan Gandhi,0
Dalbir Garde,D.G.,1
Dalbir Garde,Dalbir Gerde,1
Dalbir Garde,DalbirGarde,1
Dalbir Garde,D4lb1r G4rd3,1
Dalbir Garde,Omaja Ratti,0
Anusha Ganesh,A.G.,1
Anusha Ganesh,Ganesh Anusha,1
Anusha Ganesh,AnushavGanesh,1
Anusha Ganesh,AnushaGanesh,1
Anusha Ganesh,4nu5h4 G4n35h,1
Anusha Ganesh,Ria Dhillon,0
Elijah Tak,E.T.,1
Elijah Tak,Eltjah Tak,1
Elijah Tak,ElijahTak,1
Elijah Tak,3l1j4h T4k,1
Elijah Tak,Karan Arora,0
Ishanvi Raval,I.R.,1
Ishanvi Raval,Ishanvr Raval,1
Ishanvi Raval,IshanviRaval,1
Ishanvi Raval,15h4nv1 R4v4l,1
Ishanvi Raval,Gaurang Atwal,0
Jairaj Karnik,J.K.,1
Jairaj Karnik,Karnik Jairaj,1
Jairaj Karnik,Jairjj Karnik,1
Jairaj Karnik,JairajKarnik,1
Jairaj Karnik,J41r4j K4rn1k,1
Jairaj Karnik,Logan Toor,0
Wyatt Gola,W.G.,1
Wyatt Gola,Gola Wyatt,1
Wyatt Gola,Wyatt zola,1
Wyatt Gola,WyattGola,1
Wyatt Gola,Wy4tt G0l4,1
Wyatt Gola,Charita Dass,0
Jairaj Jaggi,J.J.,1
Jairaj Jaggi,Jairaj oaggi,1
Jairaj Jaggi,JairajJaggi,1
Jairaj Jaggi,J41r4j J4gg1,1
Jairaj Jaggi,Nachiket Kumer,0
Ladli Vaidya,L.V.,1
Ladli Vaidya,Ladli Vaidga,1
Ladli Vaidya,LadliVaidya,1
Ladli Vaidya,L4dl1 V41dy4,1
Ladli Vaidya,Dominic Kunda,0
Simon Baria,S.B.,1
Simon Baria,Sivon Baria,1
Simon Baria,SimonBaria,1
Simon Baria,51m0n B4r14,1
Simon Baria,Bhanumati Gara,0
Gaurang Golla,G.G.,1
Gaurang Golla,Golla Gaurang,1
Gaurang Golla,Gaurqng Golla,1
Gaurang Golla,GaurangGolla,1
Gaurang Golla,G4ur4ng G0ll4,1
Gaurang Golla,Triya Bassi,0
Quincy Handa,Q.H.,1
Quincy Handa,Qyincy Handa,1
Quincy Handa,QuincyHanda,1
Quincy Handa,Qu1ncy H4nd4,1
Quincy Handa,Advay Jani,0
Jonathan Nath,J.N.,1
Jonathan Nath,Nath Jonathan,1
Jonathan Nath,Jonathan Njth,1
Jonathan Nath,JonathanNath,1
Jonathan Nath,J0n4th4n N4th,1
Jonathan Nath,Finn Loyal,0
Idika Choudhry,I.C.,1
Idika Choudhry,Choudhry Idika,1
Idika Choudhry,Idika Choudhgy,1
Idika Choudhry,IdikaChoudhry,1
Idika Choudhry,1d1k4 Ch0udhry,1
Idika Choudhry,Baljiwan Jani,0
Wriddhish Setty,W.S.,1
Wriddhish Setty,Setty Wriddhish,1
Wriddhish Setty,briddhish Setty,1
Wriddhish Setty,WriddhishSetty,1
Wriddhish Setty,Wr1ddh15h 53tty,1
Wriddhish Setty,Ishita Mitter,0
Nirja Bandi,N.B.,1
Nirja Bandi,Bandi Nirja,1
Nirja Bandi,Nirja Btndi,1
Nirja Bandi,NirjaBandi,1
Nirja Bandi,N1rj4 B4nd1,1
Nirja Bandi,Meghana Verma,0
Rachita Atwal,R.A.,1
Rachita Atwal,Atwal Rachita,1
Rachita Atwal,RachitanAtwal,1
Rachita Atwal,RachitaAtwal,1
Rachita Atwal,R4ch1t4 4tw4l,1
Rachita Atwal,Rayaan Dewan,0
Garima Rajan,G.R.,1
Garima Rajan,Rajan Garima,1
Garima Rajan,GarimapRajan,1
Garima Rajan,GarimaRajan,1
Garima Rajan,G4r1m4 R4j4n,1
Garima Rajan,Dhriti Ghosh,0
Qasim Srinivas,Q.S.,1
Qasim Srinivas,Qasem Srinivas,1
Qasim Srinivas,QasimSrinivas,1
Qasim Srinivas,Q451m 5r1n1v45,1
Qasim Srinivas,Zinal Khatri,0
Rishi Hora,R.H.,1
Rishi Hora,Hora Rishi,1
Rishi Hora,Ryshi Hora,1
Rishi Hora,RishiHora,1
Rishi Hora,R15h1 H0r4,1
Rishi Hora,Nikita Rajagopalan,0
Rajata Kata,R.K.,1
Rajata Kata,Rajfta Kata,1
Rajata Kata,RajataKata,1
Rajata Kata,R4j4t4 K4t4,1
Rajata Kata,Aayush Raghavan,0
Tristan Kata,T.K.,1
Tristan Kata,rristan Kata,1
Tristan Kata,TristanKata,1
Tristan Kata,Tr15t4n K4t4,1
Tristan Kata,Faras Borah,0
Rachana Sant,R.S.,1
Rachana Sant,Sant Rachana,1
Rachana Sant,Rochana Sant,1
Rachana Sant,RachanaSant,1
Rachana Sant,R4ch4n4 54nt,1
Rachana Sant,Rudra Dey,0
Faraj Dugar,F.D.,1
Faraj Dugar,Dugar Faraj,1
Faraj Dugar,Faraj Dvgar,1
Faraj Dugar,FarajDugar,1
Faraj Dugar,F4r4j Dug4r,1
Faraj Dugar,Yadavi Mukhopadhyay,0
Yachana Sampath,Y.S.,1
Yachana Sampath,Yachana Sampoth,1
Yachana Sampath,YachanaSampath,1
Yachana Sampath,Y4ch4n4 54mp4th,1
Yachana Sampath,Rayaan Cherian,0
Anya Seshadri,A.S.,1
Anya Seshadri,Anya Sesoadri,1
Anya Seshadri,AnyaSeshadri,1
Anya Seshadri,4ny4 535h4dr1,1
Anya Seshadri,Ishwar Choudhary,0
Ati Suri,A.S.,1
Ati Suri,Suri Ati,1
Ati Suri,Ati Spri,1
Ati Suri,AtiSuri,1
Ati Suri,4t1 5ur1,1
Ati Suri,Anusha Luthra,0
Indrajit Ray,I.R.,1
Indrajit Ray,Indryjit Ray,1
Indrajit Ray,IndrajitRay,1
Indrajit Ray,1ndr4j1t R4y,1
Indrajit Ray,Onkar Ghosh,0
Jeremiah Loyal,J.L.,1
Jeremiah Loyal,Loyal Jeremiah,1
Jeremiah Loyal,Jeremiah Liyal,1
Jeremiah Loyal,JeremiahLoyal,1
Jeremiah Loyal,J3r3m14h L0y4l,1
Jeremiah Loyal,Dipta Sethi,0
Tripti Batta,T.B.,1
Tripti Batta,Tripti Batha,1
Tripti Batta,TriptiBatta,1
Tripti Batta,Tr1pt1 B4tt4,1
Tripti Batta,Agastya Bava,0
Omya Sachdev,O.S.,1
Omya Sachdev,OmyaSachdev,1
Omya Sachdev,0my4 54chd3v,1
Omya Sachdev,Jairaj Iyer,0
Qasim Korpal,Q.K.,1
Qasim Korpal,QasimKorpal,1
Qasim Korpal,Q451m K0rp4l,1
Qasim Korpal,Rajeshri Subramanian,0
Amol Patla,A.P.,1
Amol Patla,Amol ratla,1
Amol Patla,AmolPatla,1
Amol Patla,4m0l P4tl4,1
Amol Patla,Lavanya Raja,0
Bimala Ramanathan,B.R.,1
Bimala Ramanathan,Ramanathan Bimala,1
Bimala Ramanathan,Bimaea Ramanathan,1
Bimala Ramanathan,BimalaRamanathan,1
Bimala Ramanathan,B1m4l4 R4m4n4th4n,1
Bimala Ramanathan,Pushti Basak,0
Falan Nori,F.N.,1
Falan Nori,Nori Falan,1
Falan Nori,Falan wori,1
Falan Nori,FalanNori,1
Falan Nori,F4l4n N0r1,1
Falan Nori,Krish Sahota,0
Daksha Oza,D.O.,1
Daksha Oza,Oza Daksha,1
Daksha Oza,Dakcha Oza,1
Daksha Oza,DakshaOza,1
Daksha Oza,D4k5h4 0z4,1
Daksha Oza,Tristan Pall,0
Aahana Patla,A.P.,1
Aahana Patla,AahanakPatla,1
Aahana Patla,AahanaPatla,1
Aahana Patla,44h4n4 P4tl4,1
Aahana Patla,Raksha Mitra,0
Yashasvi Agate,Lucky Chaudhry,0
Bishakha Luthra,Mitesh Nagar,0
Urvashi Chatterjee,Umang Ray,0
Kashvi Chandran,Januja Brahmbhatt,0
Nirja Deo,Anthony Barad,0
Vansha Khare,Chavvi Batta,0
Ojasvi Ratti,Raghav Solanki,0
Xalak Goda,Tanish Dalal,0
Daksha Rege,Pavani Hari,0
Arin Viswanathan,Max Nori,0
Umang Nagarajan,Panini Sane,0
Jackson Murty,Victor Seshadri,0
Daksha Choudhary,Ekaja Khosla,0
Patrick Sabharwal,Aarnav Buch,0
Anirudh Wadhwa,Fiyaz Sood,0
Darpan Kari,Radhika Vasa,0
Rudra Kalita,Gautami Ratta,0
Ranbir Srinivasan,Ubika Sethi,0
Max Kashyap,Vedika Lall,0
Ria Kadakia,Krish Dara,0
Brinda Jaggi,Kiaan Kakar,0
Pranav Anand,Ekalinga Khosla,0
Neel Dave,Aditya Din,0
Xavier Sani,Charan Mand,0
Gunbir Mitra,Samuel Das,0
Vidhi Balay,Chanakya Choudhury,0
Charita Wali,Sneha Tank,0
Anirudh Bali,Jack Bandi,0
Om Rau,Wishi Memon,0
Arjun Solanki,Isaac Loyal,0
Ishita Batta,Raksha Bhandari,0
Wazir Purohit,Jason Raghavan,0
Girindra Saraf,Lila Sura,0
Vritti Dubey,Charles Bakshi,0
Abdul Sha,Reyansh Virk,0
Krisha Kari,Chandresh Hari,0
Jagdish Bhat,Chakradev Gandhi,0
Chanakya Dora,Krishna Shenoy,0
Geetika Mahal,Yauvani Saraf,0
Anirudh Sridhar,Brinda Brar,0
Rudra Sekhon,Samesh Baria,0
Ekta Ghose,Janya Divan,0
Riya Nagy,Vansha Batra,0
Aarush Vaidya,Girindra Balay,0
Sudiksha Wagle,Chaitanya Choudhury,0
Falan Chandra,Pratyush Wagle,0
Reyansh Raghavan,Vedhika Garg,0
Unni Tak,Waida Bhargava,0
Meera Chadha,Jasmit Ramanathan,0
Ekta Bhakta,Chaaya Sharaf,0
Caleb Tank,Mitali Dua,0
Varenya Bhatia,Ekalinga Patla,0
Fariq Sunder,Zansi Shah,0
Vyanjana Chand,Vasana Chacko,0
Kashvi Rama,Gaurang Loyal,0
Aadi Purohit,Girik Bahri,0
Dayita Kaul,Wazir Banerjee,0
Ranbir Walia,Upkaar Ratta,0
Ekantika Sachar,Pranav Apte,0
Ekavir Edwin,Balveer Krishnan,0
Lipika Lanka,Anika Singh,0
Mahika Wable,Samuel Kara,0
Michael Ratta,Ojasvi Mander,0
Teerth Bora,Kamala Kapadia,0
Kevin Sanghvi,Sarthak Nigam,0
Vedika Memon,Reva Sachar,0
Udyati Parmer,Maya Peri,0
Pranav Pathak,Gayathri Agate,0
Jacob Parmar,Megha Sandal,0
Chaitanya D’Alia,Ronith Gaba,0
Anmol Dewan,Meera Prakash,0
Reyansh Lalla,Max Warrior,0
Joshua Chakrabarti,Indrajit Sangha,0
Bakhshi Kala,Atharv Choudhry,0
Andrew Anne,Bhavna Lad,0
Veer Srinivasan,Kala Lanka,0
Unni Jani,Luke Pandya,0
Inaya Rau,Yashvi Tata,0
Hemang Narula,Ojas Dey,0
Wishi Guha,Jonathan Panchal,0
Chasmum Sagar,Yatan Pradhan,0
Abeer Hora,Rayaan Dayal,0
Hemangini Kulkarni,Nathan Radhakrishnan,0
Kavya Ranganathan,Balveer Lalla,0
Charan Sethi,Urvashi Munshi,0
Ridhi Atwal,Yashawini Menon,0
Atharv Kade,Keya Chana,0
Zayan Choudhury,Chakradev Sule,0
Timothy Date,Veer Batta,0
Jyoti Bhatt,Isha Balasubramanian,0
Finn Mand,Chandran Borah,0
Hemangini Varughese,Henry Doctor,0
Triya Suresh,Banjeet Vig,0
Yashvi Dhillon,Teerth Hari,0
Abhimanyu Jaggi,Rishi Nadig,0
Oscar Sankar,Sara Rastogi,0
Saksham Lala,Darpan Mutti,0
Bahadurjit Kumer,Timothy Parekh,0
Oviya Dalal,Aahana Dara,0
Advay Upadhyay,Chakrika Sandal,0
